"Ao final da tarde, gostava de sentar-se no banco da praça para observar o movimento.","banco","um assento longo para mais de uma pessoa"
"Ele esperou por mais de uma hora no banco desconfortável do lado de fora do consultório.","banco","um assento longo para mais de uma pessoa"
"O banco de madeira da varanda precisa de uma nova camada de verniz.","banco","um assento longo para mais de uma pessoa"
"Preciso ir ao banco para sacar dinheiro antes da viagem.","banco","uma instituição financeira que aceita depósitos e canaliza o dinheiro em atividades de empréstimo"
"O banco central anunciou que a taxa de juros permanecerá estável este mês.","banco","uma instituição financeira que aceita depósitos e canaliza o dinheiro em atividades de empréstimo"
"Ela conseguiu um excelente financiamento no banco para comprar seu novo apartamento.","banco","uma instituição financeira que aceita depósitos e canaliza o dinheiro em atividades de empréstimo"
"Com o terremoto, a base do antigo prédio apresentou rachaduras preocupantes.","base","Um suporte ou fundação"
"A maquiadora aplicou uma fina camada de base para uniformizar a pele da modelo.","base","Um suporte ou fundação"
"A escultura foi firmemente assentada sobre uma base de concreto no centro do jardim.","base","Um suporte ou fundação"
"Os gerentes regionais foram convocados para uma reunião na base da empresa na capital.","base","(Geralmente no plural) o escritório que serve como o centro administrativo de uma empresa"
"A decisão de expandir para o mercado asiático foi tomada pela base da multinacional na Europa.","base","(Geralmente no plural) o escritório que serve como o centro administrativo de uma empresa"
"O advogado argumentou que a acusação não tinha qualquer base legal.","base","os pressupostos fundamentais dos quais algo é iniciado ou desenvolvido ou calculado ou explicado"
"O cálculo da estimativa populacional teve como base os dados do último censo.","base","os pressupostos fundamentais dos quais algo é iniciado ou desenvolvido ou calculado ou explicado"
"Toda a sua teoria foi construída com base em premissas que se provaram falsas.","base","os pressupostos fundamentais dos quais algo é iniciado ou desenvolvido ou calculado ou explicado"
"Ele procurou as chaves do carro no fundo da mochila e não as encontrou.","fundo","o lado inferior de qualquer coisa"
"Havia uma pequena inscrição quase ilegível no fundo da antiga caixa de madeira.","fundo","o lado inferior de qualquer coisa"
"Depois que todos saíram, ele ficou sozinho no fundo do salão.","fundo","o lado inferior de qualquer coisa"
"A pressão da água no fundo do oceano é capaz de esmagar a maioria dos submarinos.","fundo","O fundo do mar ou oceano"
"Os destroços do navio foram localizados por um robô no fundo do mar.","fundo","O fundo do mar ou oceano"
"A universidade recebeu uma doação para criar um fundo de bolsas de estudo para alunos carentes.","fundo","Algo (como propriedade) mantido por um grupo (administradores) para o benefício de outros (beneficiários)"
"Ele diversificou sua carteira aplicando parte do dinheiro em um fundo de ações.","fundo","Algo (como propriedade) mantido por um grupo (administradores) para o benefício de outros (beneficiários)"
"O fundo de pensão da empresa garantiu uma aposentadoria confortável para todos os seus ex-colaboradores.","fundo","Algo (como propriedade) mantido por um grupo (administradores) para o benefício de outros (beneficiários)"
"O topo da montanha era o ponto de encontro de todos os alpinistas.","ponto","um ponto ou extensão no espaço"
"Chegamos a um ponto crítico do projeto, onde não podemos mais voltar atrás.","ponto","um ponto ou extensão no espaço"
"Você pode me deixar no próximo ponto de ônibus, por favor?","ponto","um ponto ou extensão no espaço"
"Durante a estreia, o ator principal teve um lapso de memória e precisou da ajuda do ponto.","ponto","Alguém que auxilia um artista fornecendo as próximas palavras de uma fala esquecida"
"O diretor de teatro repreendeu o ponto por não estar atento durante o ensaio geral.","ponto","Alguém que auxilia um artista fornecendo as próximas palavras de uma fala esquecida"
"A atriz, nervosa, olhou para a coxia esperando um sinal do ponto, que prontamente sussurrou a fala.","ponto","Alguém que auxilia um artista fornecendo as próximas palavras de uma fala esquecida"
"O ladrão usou uma barra de ferro para forçar a janela dos fundos.","barra","uma peça rígida de metal ou madeira; normalmente usada como fechamento ou obstrução ou arma"
"À noite, o caseiro passava uma pesada barra de madeira na porta principal para maior segurança.","barra","uma peça rígida de metal ou madeira; normalmente usada como fechamento ou obstrução ou arma"
"O chute do atacante explodiu na barra e a torcida gritou em desapontamento.","barra","Uma obstrução (geralmente de metal) colocadas na parte superior de um gol."
"A bola encobriu o goleiro e caprichosamente tocou na barra antes de sair.","barra","Uma obstrução (geralmente de metal) colocadas na parte superior de um gol."
"Uma barra do aquecedor queimou e agora ele não esquenta o suficiente.","barra","um elemento de aquecimento em um aquecedor elétrico"
"Não deixe as crianças perto do aquecedor, a barra fica extremamente quente.","barra","um elemento de aquecimento em um aquecedor elétrico"
"A ginasta fez uma série de movimentos impressionantes na barra e conseguiu a nota máxima.","barra","uma haste horizontal que serve de suporte para ginastas quando eles executam exercícios"
"O atleta olímpico concluiu sua apresentação na barra fixa com um salto perfeito.","barra","uma haste horizontal que serve de suporte para ginastas quando eles executam exercícios"
"A costureira subiu a barra da minha calça nova em dois centímetros.","barra","a linha formada pela borda inferior de uma saia ou casaco"
"A barra do vestido estava desfiando, então ela decidiu fazer uma nova costura.","barra","a linha formada pela borda inferior de uma saia ou casaco"
"O governo anunciou um novo corte de despesas para equilibrar as contas públicas.","corte","o ato de reduzir a quantidade ou o número"
"Devido à crise, a empresa realizou um corte de 20% no quadro de funcionários.","corte","o ato de reduzir a quantidade ou o número"
"Ele fez um corte profundo no dedo ao manusear a faca de pão.","corte","o ato de penetrar ou abrir algo com um instrumento afiado"
"O primeiro corte do cirurgião foi feito com extrema precisão.","corte","o ato de penetrar ou abrir algo com um instrumento afiado"
"O juiz pediu silêncio na corte antes de anunciar a sentença.","corte","uma sala em que uma corte de justiça se reune"|"Um tribunal que é presidido por um magistrado ou por um ou mais juízes que administram a justiça de acordo com as leis"
"A testemunha foi chamada para depor perante todos na corte.","corte","uma sala em que uma corte de justiça se reune"|"Um tribunal que é presidido por um magistrado ou por um ou mais juízes que administram a justiça de acordo com as leis"
"A decisão da corte de apelações será divulgada na próxima semana.","corte","Um tribunal que é presidido por um magistrado ou por um ou mais juízes que administram a justiça de acordo com as leis"
"O caso foi levado à corte superior para reavaliação.","corte","Um tribunal que é presidido por um magistrado ou por um ou mais juízes que administram a justiça de acordo com as leis"|"uma sala em que uma corte de justiça se reune"
"O corte daquele terno era impecável, ajustando-se perfeitamente ao seu corpo.","corte","a maneira pela qual alguma coisa se encaixa"
"Gosto muito do corte desta calça, é moderno e confortável.","corte","a maneira pela qual alguma coisa se encaixa"
"A corte, formada por três juízes, analisou as provas apresentadas.","corte","um conjunto de um ou mais juízes, que conduzem situacoes judiciais"
"Após deliberar, a corte anunciou o veredito por unanimidade.","corte","um conjunto de um ou mais juízes, que conduzem situacoes judiciais"
"Ele deu a volta no bloco procurando uma vaga para estacionar o carro.","bloco","uma área retangular em uma cidade cercada por ruas e geralmente contendo vários edifícios"
"A nova cafeteria fica no próximo bloco, ao lado do cinema.","bloco","uma área retangular em uma cidade cercada por ruas e geralmente contendo vários edifícios"
"A falha na leitura de um único bloco de dados no disco rígido causou a perda do documento.","bloco","(ciência da computação) um sector ou grupo de setores que funcionam como a menor unidade de dados permitida"
"O sistema de arquivos aloca espaço em disco para os arquivos em unidades chamadas bloco.","bloco","(ciência da computação) um sector ou grupo de setores que funcionam como a menor unidade de dados permitida"
"O escultor começou a trabalhar em um grande bloco de mármore bruto.","bloco","uma forma tridimensional com seis faces quadradas ou rectangulares"
"As crianças brincavam de construir uma torre com um bloco de madeira colorido.","bloco","uma forma tridimensional com seis faces quadradas ou rectangulares"
"Ele anotou o endereço em um bloco de papel que estava sobre a escrivaninha.","bloco","uma forma tridimensional com seis faces quadradas ou rectangulares"
"A novela de maior sucesso foi transmitida em rede nacional para todo o país.","rede","(Radiodifusão) um sistema de comunicação que consiste de um grupo de estações de radiodifusão que transmitem todas os mesmos programas"
"Aquele correspondente internacional trabalha para uma grande rede de notícias.","rede","(Radiodifusão) um sistema de comunicação que consiste de um grupo de estações de radiodifusão que transmitem todas os mesmos programas"
"Minha conexão com a rede de internet está muito lenta hoje.","rede","(Radiodifusão) um sistema de comunicação que consiste de um grupo de estações de radiodifusão que transmitem todas os mesmos programas"
"O pescador jogou sua rede ao mar ao amanhecer, esperando uma boa pescaria.","rede","uma cobertura protetora constituída de tela"
"Para a segurança das crianças, foi instalada uma rede de proteção na varanda do apartamento.","rede","uma cobertura protetora constituída de tela"
"Ele adorava tirar um cochilo na rede que ficava armada entre as duas árvores do quintal.","rede","uma cobertura protetora constituída de tela"
"Com um simples toque na tela do celular, ele acessou todas as suas mensagens.","toque","o ato de colocar duas coisas juntas sem espaço entre elas; ""ao seu toque o quarto se encheu de luzes"""|"a sensação produzida por receptores de pressão na pele"
"Um leve toque no ombro foi o suficiente para que ela se virasse.","toque","o ato de colocar duas coisas juntas sem espaço entre elas; ""ao seu toque o quarto se encheu de luzes"""|"a sensação produzida por receptores de pressão na pele"
"A porta se abriu com um toque no botão verde ao lado.","toque","o ato de colocar duas coisas juntas sem espaço entre elas; ""ao seu toque o quarto se encheu de luzes"""|"a sensação produzida por receptores de pressão na pele"
"O veludo é um tecido conhecido por seu toque macio e confortável.","toque","a sensação produzida por receptores de pressão na pele"
"Ela sentiu o toque frio do mármore sob seus pés descalços.","toque","a sensação produzida por receptores de pressão na pele"
"Aquele cobertor de lã tinha um toque áspero e desconfortável.","toque","a sensação produzida por receptores de pressão na pele"
"O diretor financeiro apresentou o balanço do mês corrente na reunião.","corrente","Ocorrendo em ou pertencentes ao tempo presente"
"A política econômica do governo corrente tem sido alvo de muitas críticas.","corrente","Ocorrendo em ou pertencentes ao tempo presente"
"É de uso corrente a abreviação 'vc' em mensagens de texto.","corrente","Ocorrendo em ou pertencentes ao tempo presente"
"Após a tragédia, formou-se uma grande corrente de solidariedade para ajudar as vítimas.","corrente","curso de ação; ""se você persistir nesse caminho, irá certamente falhar""; ""uma vez que uma nação embarca em uma conduta torna-se extremamente difícil que alguma retração aconteça"""
"Suas ideias inovadoras iam contra a corrente de pensamento da época.","corrente","curso de ação; ""se você persistir nesse caminho, irá certamente falhar""; ""uma vez que uma nação embarca em uma conduta torna-se extremamente difícil que alguma retração aconteça"""
"O nadador experiente alertou sobre a forte corrente que puxava para o fundo do mar.","corrente","Um corpo natural de água fluindo na ou sob a terra"
"O barco descia o rio lentamente, levado pela corrente.","corrente","Um corpo natural de água fluindo na ou sob a terra"
"A corrente fria de Humboldt influencia drasticamente o clima da costa do Peru e do Chile.","corrente","Um corpo natural de água fluindo na ou sob a terra"
"Ele sentia que o tempo passava rápido demais enquanto estava de férias.","tempo","a experiência continua em que os eventos passam do futuro através do presente para o passado"
"Para os físicos, o tempo é considerado a quarta dimensão.","tempo","a experiência continua em que os eventos passam do futuro através do presente para o passado"
"Na aula de português, aprendemos a conjugar os verbos no tempo futuro.","tempo","Uma categoria gramatical de verbos utilizada para expressar distinções de tempo"
"O aluno errou a conjugação ao usar o tempo verbal inadequado na redação.","tempo","Uma categoria gramatical de verbos utilizada para expressar distinções de tempo"
"O tempo mudou de repente, e uma forte chuva começou a cair.","tempo","Um período de duração indeterminada (geralmente curto) marcado por alguma ação ou condição"
"Faz muito tempo que não viajo para a praia.","tempo","Um período de duração indeterminada (geralmente curto) marcado por alguma ação ou condição"
"O juiz apitou o final do primeiro tempo da partida.","tempo","(em jogos ou partidas) o tempo durante o qual o jogo continua"
"O treinador pediu tempo para dar novas instruções à equipe.","tempo","(em jogos ou partidas) o tempo durante o qual o jogo continua"
"Os manifestantes estenderam uma faixa em frente ao prédio do governo.","faixa","um adorno que consiste de uma tira de uma cor ou material contrastante"
"A vencedora do concurso recebeu a coroa e a faixa de miss da cidade.","faixa","um adorno que consiste de uma tira de uma cor ou material contrastante"
"O carro mudou de faixa na rodovia sem sinalizar e quase causou um acidente.","faixa","cruzamento da rua onde os pedestres têm direito de passagem; muitas vezes marcado de alguma maneira (especialmente com listras diagonais)"
"Lembre-se sempre de atravessar a rua na faixa de pedestres por segurança.","faixa","cruzamento da rua onde os pedestres têm direito de passagem; muitas vezes marcado de alguma maneira (especialmente com listras diagonais)"
"O motorista foi multado por não dar a preferência a quem estava na faixa.","faixa","cruzamento da rua onde os pedestres têm direito de passagem; muitas vezes marcado de alguma maneira (especialmente com listras diagonais)"
"A prefeitura pintou uma nova faixa de segurança em frente à escola.","faixa","cruzamento da rua onde os pedestres têm direito de passagem; muitas vezes marcado de alguma maneira (especialmente com listras diagonais)"
"Ela aplicou protetor solar no rosto antes de sair no sol.","rosto","a frente da cabeça humana, da testa ao queixo e de orelha à orelha"
"As lágrimas escorriam pelo seu rosto ao ouvir a notícia.","rosto","a frente da cabeça humana, da testa ao queixo e de orelha à orelha"
"Ele fez a barba e lavou o rosto antes de ir para a entrevista.","rosto","a frente da cabeça humana, da testa ao queixo e de orelha à orelha"
"Vi um rosto familiar na multidão, mas não consegui identificar quem era.","rosto","uma parte de uma pessoa que é usada para se referir a uma pessoa"
"A professora disse que nunca esquece o rosto de um aluno.","rosto","uma parte de uma pessoa que é usada para se referir a uma pessoa"
"Depois de meses viajando sozinho, foi bom finalmente ver um rosto amigo.","rosto","uma parte de uma pessoa que é usada para se referir a uma pessoa"
"Para encontrar a porcentagem, o aluno aplicou a conhecida regra de três.","regra","(Matemática) um procedimento padrão para resolver uma classe de problemas matemáticos"
"O cálculo daquele limite só foi possível utilizando a regra de L'Hôpital.","regra","(Matemática) um procedimento padrão para resolver uma classe de problemas matemáticos"
"A primeira regra do clube da luta é: você não fala sobre o clube da luta.","regra","Instruções que definem como um jogo ou esporte deve ser conduzido"
"O árbitro explicou a nova regra aos capitães antes do início da partida.","regra","Instruções que definem como um jogo ou esporte deve ser conduzido"
"Uma regra fundamental do xadrez é que o rei nunca pode ser deixado em xeque.","regra","Instruções que definem como um jogo ou esporte deve ser conduzido"
"Os jogadores entraram em campo sob os aplausos da torcida.","campo","Instalação que consiste em uma área circunscrita de terra ou água preparada para um esporte."
"A forte chuva da noite anterior deixou o campo de futebol completamente encharcado.","campo","Instalação que consiste em uma área circunscrita de terra ou água preparada para um esporte."
"Aquele é considerado o melhor campo de golfe do estado.","campo","Instalação que consiste em uma área circunscrita de terra ou água preparada para um esporte."
"A equipe de geólogos passou dois meses em campo para coletar amostras do solo.","campo","Em algum lugar (fora de um estúdio ou escritório ou biblioteca ou laboratório) onde o trabalho prático é feito e dados são coletados"
"A jornalista preferia o trabalho em campo às longas horas na redação do jornal.","campo","Em algum lugar (fora de um estúdio ou escritório ou biblioteca ou laboratório) onde o trabalho prático é feito e dados são coletados"
"Muitas descobertas da antropologia foram feitas através da observação direta em campo.","campo","Em algum lugar (fora de um estúdio ou escritório ou biblioteca ou laboratório) onde o trabalho prático é feito e dados são coletados"
"Ele não deu um único passo para tentar resolver a situação.","passo","o ato de decidir fazer algo, ""ele não deu um passo para ajudar""; ""seu primeiro movimento foi contratar um advogado"""|"qualquer manobra feita como parte do progresso em direção a um objetivo"
"O primeiro passo para a mudança é reconhecer o problema.","passo","o ato de decidir fazer algo, ""ele não deu um passo para ajudar""; ""seu primeiro movimento foi contratar um advogado"""|"qualquer manobra feita como parte do progresso em direção a um objetivo"
"A contratação de novos funcionários foi um passo crucial para o crescimento da empresa.","passo","qualquer manobra feita como parte do progresso em direção a um objetivo"
"Concluir a faculdade foi apenas o primeiro passo em sua longa jornada profissional.","passo","qualquer manobra feita como parte do progresso em direção a um objetivo"
"A criança deu seu primeiro passo sob o olhar atento dos pais.","passo","o ato de mudar de lugar, movimentando a perna para cima e depois para baixo"
"Ele estava tão cansado que mal conseguia dar mais um passo.","passo","o ato de mudar de lugar, movimentando a perna para cima e depois para baixo"
"A professora de dança ensinou um novo passo de samba para os alunos.","passo","uma seqüência de movimentos do pé que compõem uma dança particular"
"Durante a valsa, ele errou o passo e pisou no pé de sua parceira.","passo","uma seqüência de movimentos do pé que compõem uma dança particular"
"Antes de sair, ele deixou uma nota na porta da geladeira para a esposa.","nota","Uma mensagem pessoal curtinha"
"Encontrei uma pequena nota de agradecimento dentro do livro que ele me emprestou.","nota","Uma mensagem pessoal curtinha"
"A empresa emitiu uma nota oficial comunicando o encerramento do contrato com o fornecedor.","nota","notificação prévia (usualmente por escrito) com a intenção de cancelar um contrato; ""eles receveram uma notificação para desocupar o local""; ""ele entregou uma notificação dois meses antes de se mudar"""
"O inquilino enviou uma nota formal ao proprietário, informando sobre sua mudança em 30 dias.","nota","notificação prévia (usualmente por escrito) com a intenção de cancelar um contrato; ""eles receveram uma notificação para desocupar o local""; ""ele entregou uma notificação dois meses antes de se mudar"""
"O palestrante do evento era um acadêmico de grande nota no campo da física quântica.","nota","Status de alta importância devido a superioridade clara"
"O restaurante contratou um chef de nota para renovar todo o cardápio.","nota","Status de alta importância devido a superioridade clara"
"O carpinteiro usou um nível para garantir que o terreno ficasse perfeitamente plano para a construção.","plano","horizontalmente plano"
"O ciclista preferia pedalar em terreno plano para manter uma velocidade constante.","plano","horizontalmente plano"
"O arquiteto nos mostrou o plano da casa, com a disposição de cada cômodo.","plano","um esquema de arranjo"
"Analisando o primeiro plano da fotografia, é possível ver detalhes que passam despercebidos.","plano","um esquema de arranjo"
"A diretoria aprovou o novo plano de negócios para o próximo semestre.","plano","Uma série de etapas para serem realizadas ou metas a serem realizadas"
"O governo detalhou seu plano de vacinação em uma coletiva de imprensa.","plano","Uma série de etapas para serem realizadas ou metas a serem realizadas"
"Meu plano para o feriado é viajar para a praia com alguns amigos.","plano","sua intenção; o que você pretende fazer"
"Ele não tinha nenhum plano de contar a verdade para ela.","plano","sua intenção; o que você pretende fazer"
"Os soldados seguiram em marcha forçada durante toda a noite.","marcha","um avanço constante"
"A marcha dos acontecimentos históricos é, por vezes, imprevisível.","marcha","um avanço constante"
"Milhares de pessoas participaram da marcha pelo clima no último domingo.","marcha","um avanço constante"
"Para subir a ladeira íngreme, ele precisou reduzir a marcha do carro.","marcha","um mecanismo de transmissão de movimento para alguma finalidade específica (como a direcum mecanismo de transmissão de movimento para alguma finalidade específica"
"O motorista arranhou a marcha ao tentar engatar a ré com pressa.","marcha","um mecanismo de transmissão de movimento para alguma finalidade específica (como a direcum mecanismo de transmissão de movimento para alguma finalidade específica"
"O carro apresentou um problema na caixa de marcha e precisou ser rebocado.","marcha","um mecanismo de transmissão de movimento para alguma finalidade específica (como a direcum mecanismo de transmissão de movimento para alguma finalidade específica"
"Com a nova testemunha, a investigação policial tomou um curso inesperado.","curso","curso de ação; ""se você persistir nesse caminho, irá certamente falhar""; ""uma vez que uma nação embarca em uma conduta torna-se extremamente difícil que alguma retração aconteça"""
"O rio segue seu curso sinuoso pela planície até encontrar o mar.","curso","curso de ação; ""se você persistir nesse caminho, irá certamente falhar""; ""uma vez que uma nação embarca em uma conduta torna-se extremamente difícil que alguma retração aconteça"""
"A vida às vezes segue um curso que não planejamos.","curso","curso de ação; ""se você persistir nesse caminho, irá certamente falhar""; ""uma vez que uma nação embarca em uma conduta torna-se extremamente difícil que alguma retração aconteça"""
"Ela se inscreveu em um curso de culinária para aprender novas receitas.","curso","educação transmitida em uma série de aulas ou reuniões; ""ele fez um curso de cestaria"""
"O curso de engenharia naquela universidade é um dos mais concorridos do país.","curso","educação transmitida em uma série de aulas ou reuniões; ""ele fez um curso de cestaria"""
"Para melhorar seu currículo, ele decidiu fazer um curso de inglês avançado.","curso","educação transmitida em uma série de aulas ou reuniões; ""ele fez um curso de cestaria"""
"O jogador chutou a bola com força e marcou o gol da vitória.","bola","objeto redondo que é atirado ou jogado ou chutado em jogos"
"A bola de vôlei passou por cima da rede e caiu fora da quadra.","bola","objeto redondo que é atirado ou jogado ou chutado em jogos"
"As crianças se divertiam jogando bola no parque durante a tarde.","bola","objeto redondo que é atirado ou jogado ou chutado em jogos"
"A cozinheira fez uma bola com a massa do pão e a deixou descansar.","bola","uma massa compacta"
"Ele amassou o papel de rascunho em uma bola e jogou na lixeira.","bola","uma massa compacta"
"Depois da feijoada, sentiu uma bola se formando em seu estômago.","bola","uma massa compacta"
"A família inteira se reuniu no aeroporto para aguardar seu retorno do Japão.","retorno","uma vinda ou regresso para casa, ""no seu regresso da Austrália, demos-lhe uma festa de boas-vindas"""
"Após um longo período de intercâmbio, seu retorno para casa foi marcado por muita emoção.","retorno","uma vinda ou regresso para casa, ""no seu regresso da Austrália, demos-lhe uma festa de boas-vindas"""
"Ele aguarda ansiosamente o retorno do livro que emprestou a um amigo há meses.","retorno","receber algo de volta de novo; ""depois que o livro foi retornado ao seu dono verdadeiro, a crianca levou uma bronca seria"""
"A biblioteca enviou um e-mail cobrando o retorno de vários exemplares com atraso.","retorno","receber algo de volta de novo; ""depois que o livro foi retornado ao seu dono verdadeiro, a crianca levou uma bronca seria"""
"A forte chuva na serra bloqueou a estrada e impediu o retorno dos viajantes à cidade.","retorno","o ato de voltar para um lugar anterior"
"Após a reunião, o retorno ao escritório foi rápido e sem trânsito.","retorno","o ato de voltar para um lugar anterior"
"O painel do aeroporto anunciava o horário de partida do voo para o Rio de Janeiro.","partida","o ato de ir embora"
"A cena da partida do trem foi emocionante, com lenços brancos acenando na plataforma.","partida","o ato de ir embora"
"Sua partida foi discreta; ele saiu sem que ninguém percebesse para não estragar a festa.","partida","o ato de sair educadamente"|"o ato de ir embora"
"A partida de futebol entre os dois maiores rivais da cidade terminou em empate.","partida","uma sessão de jogo ou um torneio no qual duas ou mais pessoas ou times competem"
"A torcida aguardava com ansiedade o início da partida final do campeonato.","partida","uma sessão de jogo ou um torneio no qual duas ou mais pessoas ou times competem"
"A partida de tênis foi longa e disputada, durando mais de três horas.","partida","Uma unidade de jogo no tênis ou squash"|"uma sessão de jogo ou um torneio no qual duas ou mais pessoas ou times competem"
"Ele venceu a partida de squash por 3 sets a 1.","partida","Uma unidade de jogo no tênis ou squash"|"uma sessão de jogo ou um torneio no qual duas ou mais pessoas ou times competem"
"O médico aferiu a pressão do paciente e notou que estava um pouco alta.","pressão","aplicação de pressão"
"A panela de pressão é ideal para cozinhar grãos e carnes mais duras rapidamente.","pressão","aplicação de pressão"
"A pressão da água estava muito fraca, mal saía água da torneira.","pressão","aplicação de pressão"
"Ele se sentia constantemente sob pressão para entregar resultados cada vez melhores no trabalho.","pressão","o estado de requerer aviso exigente ou atenção"|"aplicação de pressão"
"A equipe não resistiu à pressão da torcida adversária e acabou perdendo o jogo.","pressão","o estado de requerer aviso exigente ou atenção"|"aplicação de pressão"
"Houve uma grande pressão da opinião pública para que a nova lei fosse aprovada.","pressão","o estado de requerer aviso exigente ou atenção"|"aplicação de pressão"
"A polícia encontrou a arma do crime escondida em um terreno baldio.","arma","qualquer ferramenta ou instrumento utilizado na luta ou caça"
"O soldado limpava sua arma cuidadosamente antes da inspeção.","arma","qualquer ferramenta ou instrumento utilizado na luta ou caça"
"A legislação sobre o porte de arma de fogo foi alterada recentemente.","arma","qualquer ferramenta ou instrumento utilizado na luta ou caça"
"No debate, o candidato usou a estatística como sua principal arma contra os adversários.","arma","um meio de persuadir ou argumentar"
"A informação de qualidade é a melhor arma para combater as notícias falsas.","arma","um meio de persuadir ou argumentar"
"Ele sempre recorria ao bom humor como uma arma para contornar situações difíceis.","arma","um meio de persuadir ou argumentar"
"O atleta olímpico acertou o centro do alvo com um único tiro.","tiro","o ato de atirar um projétil; ""seu tiro era devagar, mas preciso"""
"O caçador experiente derrubou a presa com um tiro certeiro.","tiro","o ato de atirar um projétil; ""seu tiro era devagar, mas preciso"""
"Durante o confronto, houve uma intensa troca de tiro entre os dois grupos.","tiro","o ato de disparar armas ou artilharia em um inimigo; ""mantenha o tiro até que você possa ver o branco de seus olhos""; ""eles recuaram da frente do tiro inimigo"""
"Os soldados avançaram sob o tiro constante da artilharia inimiga.","tiro","o ato de disparar armas ou artilharia em um inimigo; ""mantenha o tiro até que você possa ver o branco de seus olhos""; ""eles recuaram da frente do tiro inimigo"""
"A polícia respondeu ao tiro dos criminosos e iniciou uma perseguição.","tiro","o ato de disparar armas ou artilharia em um inimigo; ""mantenha o tiro até que você possa ver o branco de seus olhos""; ""eles recuaram da frente do tiro inimigo"""
"O artista moldava o barro para dar forma à sua escultura.","forma","o arranjo espacial de alguma coisa, indiferente das suas substâncias; ""geometria é a ciência matemática da forma"""
"As nuvens assumiram a forma de um cavalo antes da tempestade.","forma","o arranjo espacial de alguma coisa, indiferente das suas substâncias; ""geometria é a ciência matemática da forma"""
"Ele se expressou de forma muito clara durante a apresentação do projeto.","forma","uma estrutura perceptual"
"Dessa forma, não conseguiremos chegar a um acordo.","forma","uma estrutura perceptual"
"Ela untou a forma com manteiga antes de despejar a massa do bolo.","forma","uma porção de algo dividido em pedaços"
"Ele comprou uma forma inteira de queijo para a confraternização.","forma","uma porção de algo dividido em pedaços"
"Ele anotou o número do meu telefone em um guardanapo.","número","Um número ou sequência de números usados para identificação"
"Para rastrear sua encomenda, por favor, insira o número do pedido.","número","Um número ou sequência de números usados para identificação"
"O número do meu apartamento é 52, no bloco B.","número","Um número ou sequência de números usados para identificação"
"O próximo número do espetáculo era uma apresentação de dança contemporânea.","número","Uma performance teatral curta que faz parte de um programa maior."
"O mágico apresentou um número de ilusionismo que deixou a plateia boquiaberta.","número","Uma performance teatral curta que faz parte de um programa maior."
"O número dos trapezistas foi o ponto alto do show de circo.","número","Uma performance teatral curta que faz parte de um programa maior."
"Um grupo de pesquisadores da universidade publicou um novo estudo sobre o clima.","grupo","Qualquer número de entidades (membros) considerados como uma unidade"
"Ela se juntou a um grupo de teatro amador para praticar suas habilidades de atuação.","grupo","Qualquer número de entidades (membros) considerados como uma unidade"
"O grupo de empresas anunciou a fusão em um comunicado à imprensa.","grupo","Qualquer número de entidades (membros) considerados como uma unidade"
"Um pequeno grupo de casas podia ser visto ao longe, no vale.","grupo","Qualquer número de entidades (membros) considerados como uma unidade"
"Havia um grupo de árvores antigas no centro do parque, oferecendo uma sombra agradável.","grupo","Qualquer número de entidades (membros) considerados como uma unidade"
"Um denso grupo de nuvens escuras se formou rapidamente, indicando que a chuva estava próxima.","grupo","uma massa compacta"
"Ao lavar a louça, ele deixou um prato escorregar e quebrar no chão.","prato","uma peça de louça normalmente usada como um recipiente para manter ou servir alimentos"
"Ela organizou a mesa para o jantar, colocando um prato raso e um fundo para cada convidado.","prato","uma peça de louça normalmente usada como um recipiente para manter ou servir alimentos"
"Por favor, empilhe o prato sujo na pia depois de terminar de comer.","prato","uma peça de louça normalmente usada como um recipiente para manter ou servir alimentos"
"Ele pediu um prato de feijoada, que era a especialidade da casa.","prato","a quantidade que cabe num prato"
"Ele repetiu o prato de lasanha porque estava delicioso.","prato","a quantidade que cabe num prato"
"A entrada da atriz no palco foi recebida com uma grande ovação do público.","entrada","o ato de entrar; "" ela fez uma entrada triunfal"""
"A entrada de um novo sócio na empresa trouxe mais investimentos.","entrada","o ato de entrar; "" ela fez uma entrada triunfal"""
"Ele proibiu a entrada de estranhos em sua propriedade.","entrada","o ato de entrar; "" ela fez uma entrada triunfal"""
"Ele estacionou o carro na entrada da garagem para descarregar as malas.","entrada","Uma entrada de carros de uma residência particular."
"As crianças desenhavam com giz na entrada de casa.","entrada","Uma entrada de carros de uma residência particular."
"A entrada da fazenda era marcada por um grande portão de madeira.","entrada","Uma entrada de carros de uma residência particular."
"Sua entrada no concurso de fotografia foi premiada com uma menção honrosa.","entrada","algo (manuscritos ou plantas arquitetônicas e modelos ou estimativas ou obras de arte de todos os gêneros etc.) apresentado para o julgamento dos outros (como em uma competição)"
"O prazo final para submeter sua entrada no festival de curtas-metragens é na próxima sexta-feira.","entrada","algo (manuscritos ou plantas arquitetônicas e modelos ou estimativas ou obras de arte de todos os gêneros etc.) apresentado para o julgamento dos outros (como em uma competição)"
"A seca prolongada fez com que o poço da propriedade secasse completamente.","poço","um buraco profundo ou um eixo escavado ou furado para obter a água ou óleo ou gás ou água salgada"
"A plataforma iniciou a perfuração de um novo poço de petróleo em águas profundas.","poço","um buraco profundo ou um eixo escavado ou furado para obter a água ou óleo ou gás ou água salgada"
"Na fazenda do meu avô, a água vinha de um antigo poço artesiano.","poço","um buraco profundo ou um eixo escavado ou furado para obter a água ou óleo ou gás ou água salgada"
"O arquiteto projetou uma claraboia sobre o poço da escada para iluminar o interior da casa.","poço","Um poço aberto através dos pisos de um prédio (como para uma escada)"
"É preciso ter cuidado com o vão livre no poço do elevador durante a obra.","poço","Um poço aberto através dos pisos de um prédio (como para uma escada)"
"O poço de ventilação do prédio antigo estava obstruído, causando problemas de circulação de ar.","poço","Um poço aberto através dos pisos de um prédio (como para uma escada)"
"Usar a doença de um adversário em um debate político é um golpe muito baixo.","baixo"," do tipo mais desprezível"
"Aquele foi um ato de nível muito baixo, não esperava isso dele.","baixo"," do tipo mais desprezível"
"Espalhar boatos sobre os amigos é um comportamento baixo e desprezível.","baixo"," do tipo mais desprezível"
"Ela falou em um tom tão baixo que mal consegui ouvir o que dizia.","baixo","(voz) fraco, fraca; ""uma voz baixa"", ""uma voz mansa e delicada"""
"O professor pediu para ele ler o texto em voz alta, mas seu tom era muito baixo.","baixo","(voz) fraco, fraca; ""uma voz baixa"", ""uma voz mansa e delicada"""
"A canção de ninar era cantada em um tom baixo e suave.","baixo","(voz) fraco, fraca; ""uma voz baixa"", ""uma voz mansa e delicada"""
"O cavaleiro poliu sua armadura até que ela ficasse brilhante como um espelho.","brilhante","que reflete a luz"
"Ela usava um vestido de tecido brilhante que chamava a atenção de todos na festa.","brilhante","que reflete a luz"
"Após a limpeza, o piso de mármore ficou incrivelmente brilhante.","brilhante","que reflete a luz"
"O aluno apresentou uma solução brilhante para um problema matemático complexo.","brilhante","muito bom; da mais alta qualidade"
"Ela teve uma carreira brilhante como advogada, vencendo casos muito difíceis.","brilhante","muito bom; da mais alta qualidade"
"O cientista foi premiado por sua contribuição brilhante para a física moderna.","brilhante","muito bom; da mais alta qualidade"
"O computador está programado para desligar automaticamente às 23h.","desligar","cessar o funcionamento"|"causar parar de funcionar por desligar um interruptor"
"O motor do carro começou a falhar e ameaçou desligar várias vezes durante a subida.","desligar","cessar o funcionamento"
"Após a queda de energia, o sistema de segurança demorou a desligar.","desligar","cessar o funcionamento"
"Antes de dormir, ela sempre confere se lembrou de desligar a televisão da sala.","desligar","causar parar de funcionar por desligar um interruptor"
"Por favor, não se esqueça de desligar a luz do escritório ao final do expediente.","desligar","causar parar de funcionar por desligar um interruptor"
"Ele precisou desligar o disjuntor geral para fazer o reparo elétrico com segurança.","desligar","causar parar de funcionar por desligar um interruptor"
"A polícia montou uma grande operação para prender os fugitivos.","operação","uma atividade planejada, envolvendo muitas pessoas realizando várias ações"|"ação de uma força militar ou naval (como uma manobra ou uma campanha); "foi uma operação conjunta da Marinha e da Força Aérea""
"A operação de limpeza da praia após o vazamento de óleo envolveu centenas de voluntários.","operação","uma atividade planejada, envolvendo muitas pessoas realizando várias ações"
"O paciente passa bem após a delicada operação cardíaca.","operação","um processo ou série de atos, especialmente de natureza prática ou mecânica envolvendo uma forma particular de trabalho"|"uma atividade planejada, envolvendo muitas pessoas realizando várias ações"
"A operação da nova colheitadeira otimizou o tempo de trabalho na fazenda.","operação","um processo ou série de atos, especialmente de natureza prática ou mecânica envolvendo uma forma particular de trabalho"
"A professora ensinou às crianças como fazer a operação de multiplicação com dois dígitos.","operação","(matemática) cálculo por métodos matemáticos; ""os problemas no final do capítulo demonstraram os cálculos envolvidos na derivação ""; "" eles estavam aprendendo as operações básicas de aritmética """
"Saber a ordem correta de uma operação matemática é fundamental para resolver a expressão.","operação","(matemática) cálculo por métodos matemáticos; ""os problemas no final do capítulo demonstraram os cálculos envolvidos na derivação ""; "" eles estavam aprendendo as operações básicas de aritmética """
"A operação militar foi planejada em segredo para garantir o elemento surpresa.","operação","ação de uma força militar ou naval (como uma manobra ou uma campanha); ""foi uma operação conjunta da Marinha e da Força Aérea"""
"As tropas se preparavam para uma operação de alto risco em território inimigo.","operação","ação de uma força militar ou naval (como uma manobra ou uma campanha); ""foi uma operação conjunta da Marinha e da Força Aérea"""
"A nova linha do metrô finalmente entrou em operação nesta segunda-feira.","operação","processo ou modo de funcionamento"
"O aeroporto voltou à sua operação normal após o fim da tempestade.","operação","processo ou modo de funcionamento"
"O general deu a ordem expressa para que o batalhão recuasse.","ordem","(geralmente plural) um comando fornecido por um superior (por exemplo, um oficial militar ou um oficial de policia) que devem ser obedecidas"
"O soldado cumpriu a ordem de seu comandante sem questionar.","ordem","(geralmente plural) um comando fornecido por um superior (por exemplo, um oficial militar ou um oficial de policia) que devem ser obedecidas"
"A empresa emitiu uma nova ordem de compra para reabastecer o estoque.","ordem","um pedido para que algo seja feito, fornecido ou servido"
"O gerente assinou a ordem de serviço para a manutenção dos equipamentos.","ordem","um pedido para que algo seja feito, fornecido ou servido"
"Ele foi iniciado em uma ordem secreta cujos rituais eram mantidos em sigilo.","ordem","uma organização formal de pessoas ou grupos de pessoas"
"A Ordem dos Advogados do Brasil supervisiona o exercício da advocacia no país.","ordem","uma organização formal de pessoas ou grupos de pessoas"
"Por favor, coloque os documentos em ordem cronológica para facilitar a consulta.","ordem","condição de arranjo regular ou boa"
"Ela gostava de manter a casa sempre em perfeita ordem e limpeza.","ordem","condição de arranjo regular ou boa"
"O contrato de aluguel tem um período de validade de 30 meses.","período","A duração completa de algo"
"O presidente foi eleito para um período de quatro anos.","período","A duração completa de algo"
"Ela está no último período do curso de medicina.","período","A duração completa de algo"
"Ele atravessou um período de grande dificuldade financeira no ano passado.","período","Um período de duração indeterminada (geralmente curto) marcado por alguma ação ou condição"
"Houve um breve período de silêncio antes que o vencedor fosse anunciado.","período","Um período de duração indeterminada (geralmente curto) marcado por alguma ação ou condição"
"Os dinossauros foram extintos no final do período Cretáceo.","período","uma unidade de tempo geológico, durante a qual um sistema de rochas é formado"
"O estudo analisou rochas formadas durante o período Jurássico para entender o clima da época.","período","uma unidade de tempo geológico, durante a qual um sistema de rochas é formado"
"A prefeitura iniciou um projeto para plantar mais árvores ao longo das principais avenidas.","plantar","estabelecer a vegetação em algum lugar"|"colocar (sementes) em cima ou dentro do solo para o crescimento futuro"
"Após o desmatamento, a organização não governamental vai plantar uma nova floresta na área.","plantar","estabelecer a vegetação em algum lugar"|"colocar (sementes) em cima ou dentro do solo para o crescimento futuro"
"Eles decidiram plantar grama em todo o quintal para as crianças brincarem.","plantar","estabelecer a vegetação em algum lugar"|"colocar (sementes) em cima ou dentro do solo para o crescimento futuro"
"O agricultor esperava a chuva chegar para poder plantar as sementes de milho.","plantar","colocar (sementes) em cima ou dentro do solo para o crescimento futuro"
"Na aula de ciências, as crianças aprenderam a plantar feijão em um copo com algodão.","plantar","colocar (sementes) em cima ou dentro do solo para o crescimento futuro"
"A melhor época para plantar semente de tomate é no início da primavera.","plantar","colocar (sementes) em cima ou dentro do solo para o crescimento futuro"
"A professora pediu para a criança apontar o lápis de cor antes de começar o desenho.","apontar","Dar um ponto para"
"O guia turístico começou a apontar os principais edifícios históricos da cidade.","apontar","indicar um lugar, direção, pessoa ou coisa; tanto espacialmente quanto figurativamente; ""Mostrei ao cliente a seção de luvas""; ""Ele apontou para o espaço de estacionamento vazio ""; ""ele indicou seus adversários """
"O relatório final deve apontar as causas e as consequências do acidente ambiental.","apontar","indicar um lugar, direção, pessoa ou coisa; tanto espacialmente quanto figurativamente; ""Mostrei ao cliente a seção de luvas""; ""Ele apontou para o espaço de estacionamento vazio ""; ""ele indicou seus adversários """
"Durante o debate, o candidato não hesitou em apontar as contradições no discurso do adversário.","apontar","direcionar (uma observação) em direção a um objetivo pretendido;"
"A crítica de arte costuma apontar os exageros nas obras daquele período.","apontar","direcionar (uma observação) em direção a um objetivo pretendido;"|"indicar um lugar, direção, pessoa ou coisa; tanto espacialmente quanto figurativamente; "Mostrei ao cliente a seção de luvas"; "Ele apontou para o espaço de estacionamento vazio "; "ele indicou seus adversários ""
"As velas do barco foram ajustadas para apontar na direção do vento.","apontar","ter a intenção de ir em direção a um determinado objetivo"
"Sua carreira começou a apontar para o sucesso após o lançamento do segundo álbum.","apontar","ter a intenção de ir em direção a um determinado objetivo"
"O assaltante entrou na loja e não demorou para apontar a arma na direção do caixa.","apontar","apontar ou direcionar (golpes, armas ou objectos, tais como equipamento fotográfico) na direção de alguém"
"Depois de anos de pesquisa, o historiador finalmente conseguiu publicar seu livro sobre a guerra.","publicar","ter (um do seus trabalhos escritos) mandado para publicação"
"A jovem escritora sonha em publicar seu primeiro romance antes de completar trinta anos.","publicar","ter (um do seus trabalhos escritos) mandado para publicação"
"O cientista espera publicar os resultados de sua pesquisa em uma revista internacional de prestígio.","publicar","ter (um do seus trabalhos escritos) mandado para publicação"
"O jornal decidiu publicar a matéria investigativa na capa da edição de domingo.","publicar","colocar na imprensa"
"A empresa vai publicar uma nota oficial nos principais jornais para esclarecer o ocorrido.","publicar","colocar na imprensa"
"O governo se comprometeu a publicar relatórios mensais sobre os gastos públicos.","publicar","colocar na imprensa"
"O caminhão de mudança está agendado para chegar às oito da manhã.","mudança","ato de mudar de residência ou local de trabalho"
"A mudança para a nova casa foi cansativa, mas valeu a pena.","mudança","ato de mudar de residência ou local de trabalho"
"Ela está organizando os caixotes para a mudança de escritório na próxima semana.","mudança","ato de mudar de residência ou local de trabalho"
"A mudança no clima tem preocupado cientistas do mundo todo.","mudança","a ação de mudar alguma coisa"
"Houve uma mudança significativa nos planos de viagem de última hora.","mudança","a ação de mudar alguma coisa"
"Os funcionários não gostaram da mudança de regras na empresa.","mudança","a ação de mudar alguma coisa"
"Uma rápida mudança de expressão em seu rosto revelou seus verdadeiros sentimentos.","mudança","uma mudança de posição que não implica uma mudança de localização"
"A mudança de marcha do carro foi tão suave que mal se pôde sentir.","mudança","uma mudança de posição que não implica uma mudança de localização"
"Com uma mudança de postura, o lutador conseguiu se defender do golpe.","mudança","uma mudança de posição que não implica uma mudança de localização"
"O atacante acertou um chute forte no ângulo e marcou um golaço.","chute","o ato de aplicar um golpe com o pé; ""ele deu um chute poderoso na bola"";"
"Durante a aula de defesa pessoal, ele aprendeu a aplicar um chute lateral.","chute","o ato de aplicar um golpe com o pé; ""ele deu um chute poderoso na bola"";"
"Com raiva, ele deu um chute no pneu furado do carro.","chute","o ato de aplicar um golpe com o pé; ""ele deu um chute poderoso na bola"";"
"Não tenho certeza da resposta, vou ter que arriscar um chute.","chute","palavras informais para qualquer tentativa ou esforço"
"Meu chute é que o projeto vai custar mais caro do que o orçamento inicial.","chute","palavras informais para qualquer tentativa ou esforço"
"Qual é o seu chute para o resultado do jogo de amanhã?","chute","palavras informais para qualquer tentativa ou esforço"
"A data de entrega do projeto foi adiada para a próxima sexta-feira.","data","o determinado dia, mês ou ano (geralmente de acordo com o calendário gregoriano) que um evento ocorreu"
"Por favor, escreva seu nome completo e a data de hoje no topo da página.","data","o determinado dia, mês ou ano (geralmente de acordo com o calendário gregoriano) que um evento ocorreu"
"A data de validade do produto está impressa na embalagem.","data","o determinado dia, mês ou ano (geralmente de acordo com o calendário gregoriano) que um evento ocorreu"
"Precisamos marcar uma data para nos encontrarmos e discutirmos o assunto com calma.","data","um determinado ponto, mas não especificado no tempo"
"Até esta data, nenhuma solução para o problema foi encontrada.","data","um determinado ponto, mas não especificado no tempo"
"Ele esperou por uma resposta, mas, até aquela data, não havia recebido nada.","data","um determinado ponto, mas não especificado no tempo"
"O mecânico fez um serviço rápido e eficiente no meu carro.","serviço","uma parte específica do trabalho que requer ser feito como um dever ou por honorário específico"
"Contratei um serviço de buffet para a festa de aniversário.","serviço","uma parte específica do trabalho que requer ser feito como um dever ou por honorário específico"
"Ele me cobrou um valor justo pelo serviço de pintura do apartamento.","serviço","uma parte específica do trabalho que requer ser feito como um dever ou por honorário específico"
"O serviço religioso de domingo começará às dez da manhã.","serviço","um serviço realizado em uma casa de culto; ""não se atrase para a igreja"""
"A família participou de um serviço em memória dos entes queridos que se foram.","serviço","um serviço realizado em uma casa de culto; ""não se atrase para a igreja"""
"O serviço de correios anunciou que as entregas podem atrasar devido à alta demanda.","serviço","Uma empresa ou agência que executa um serviço público, sujeita à regulamentação governamental"
"Houve uma queda no serviço de energia elétrica que afetou todo o bairro.","serviço","Uma empresa ou agência que executa um serviço público, sujeita à regulamentação governamental"
"Ele sempre fez questão de tratar seus funcionários com respeito e dignidade.","tratar","olhar ou considerar de uma maneira específica"
"A empresa vai tratar o assunto como prioridade máxima.","tratar","olhar ou considerar de uma maneira específica"
"O filme que assistimos ontem vai tratar da história da exploração espacial.","tratar","agir verbalmente ou em alguma forma de expressão artística; ""Este livro trata de incesto""; ""O curso fala de todas as civilizações ocidentais""; ""O novo livro trata da história da China"""
"Em seu próximo livro, o autor pretende tratar de questões filosóficas complexas.","tratar","agir verbalmente ou em alguma forma de expressão artística; ""Este livro trata de incesto""; ""O curso fala de todas as civilizações ocidentais""; ""O novo livro trata da história da China"""
"A palestra de amanhã irá tratar sobre os avanços recentes na medicina.","tratar","agir verbalmente ou em alguma forma de expressão artística; ""Este livro trata de incesto""; ""O curso fala de todas as civilizações ocidentais""; ""O novo livro trata da história da China"""
"O trabalho de restauração do móvel ficou muito bem feito.","bem","sendo satisfatório ou em estado satisfatório"
"Ela canta muito bem, deveria investir em uma carreira musical.","bem","sendo satisfatório ou em estado satisfatório"
"Fico feliz em saber que sua mãe já está bem e se recuperando da cirurgia.","bem","em boa saúde, especialmente depois de ter sofrido de doença ou lesão"
"Ele não parecia bem durante a reunião, estava um pouco pálido.","bem","em boa saúde, especialmente depois de ter sofrido de doença ou lesão"
"A casa da família era o único bem que o casal possuía.","bem","qualquer coisa que seja propriedade ou possuída"|"tudo que você possui; todos os seus bens (sejam bens imóveis ou bens pessoais) e passivos"
"A liberdade de expressão é um bem inestimável em uma democracia.","bem","qualquer coisa que seja propriedade ou possuída"|"tudo que você possui; todos os seus bens (sejam bens imóveis ou bens pessoais) e passivos"
"Após sua morte, o bem que possuía foi dividido igualmente entre os filhos.","bem","tudo que você possui; todos os seus bens (sejam bens imóveis ou bens pessoais) e passivos"|"qualquer coisa que seja propriedade ou possuída"
"A declaração de cada bem que se possui ao imposto de renda é obrigatória.","bem","tudo que você possui; todos os seus bens (sejam bens imóveis ou bens pessoais) e passivos"|"qualquer coisa que seja propriedade ou possuída"
"Bem, acho que podemos começar a reunião agora que todos chegaram.","bem","uma expressão de acordo que normalmente ocorre no início de uma frase"
"Bem, se você insiste, eu aceito mais uma xícara de café.","bem","uma expressão de acordo que normalmente ocorre no início de uma frase"
"O parquinho estava cheio de criança correndo e brincando nos escorregadores.","criança","uma pessoa jovem de ambos os sexos"
"Toda criança tem o direito à educação e ao lazer.","criança","uma pessoa jovem de ambos os sexos"
"Ele tem a imaginação fértil de uma criança, sempre inventando novas histórias.","criança","uma pessoa jovem de ambos os sexos"
"Ela faria qualquer coisa para proteger sua criança do perigo.","criança","um filho ou filha de qualquer idade"
"Minha criança mais velha começa na escola no ano que vem.","criança","um filho ou filha de qualquer idade"
"Para uma mãe, não importa a idade, sua criança será sempre seu bem mais precioso.","criança","um filho ou filha de qualquer idade"
"Ele levou uma falta no trabalho por chegar atrasado e sem justificativa.","falta","falha ao comparecer"
"Senti sua falta na festa de ontem, fez uma grande diferença.","falta","falha ao comparecer"
"O projeto não foi aprovado por falta de verba.","falta","responsabilidade por uma má situação ou evento"
"O acidente aconteceu por falta de atenção do motorista.","falta","responsabilidade por uma má situação ou evento"
"Não foi por falta de tentativa que ele não conseguiu o emprego.","falta","responsabilidade por uma má situação ou evento"
"O dispositivo começou a emitir um ruído estranho e parou de funcionar.","emitir","expressar de forma audível; emitir sons (não necessariamente palavras); ""Ela soltou um grande suspiro pesado""; ""Ele emitiu sons estranhos que ninguém poderia compreender"""
"Ao receber a notícia, ele não conseguiu emitir uma única palavra.","emitir","expressar de forma audível; emitir sons (não necessariamente palavras); ""Ela soltou um grande suspiro pesado""; ""Ele emitiu sons estranhos que ninguém poderia compreender"""
"O juiz irá emitir sua opinião sobre o caso na próxima semana.","emitir","expressar de forma audível; emitir sons (não necessariamente palavras); ""Ela soltou um grande suspiro pesado""; ""Ele emitiu sons estranhos que ninguém poderia compreender"""
"A chaminé da fábrica continuava a emitir uma fumaça escura e densa.","emitir","enviar, mandar ou descarregar; como a luz, calor, ou radiação, vapor, etc"
"O material radioativo pode emitir partículas nocivas por muitos anos.","emitir","enviar, mandar ou descarregar; como a luz, calor, ou radiação, vapor, etc"
"A lâmpada queimou e parou de emitir luz.","emitir","enviar, mandar ou descarregar; como a luz, calor, ou radiação, vapor, etc"
"Antes de sair de casa, verifique sempre se você lembrou de trancar a porta.","trancar","prender com um cadeado; ""tranque a moto na cerca"""
"Ele precisou trancar o portão com uma corrente e um cadeado novos.","trancar","prender com um cadeado; ""tranque a moto na cerca"""
"Não se esqueça de trancar o carro quando estacionar na rua.","trancar","prender com um cadeado; ""tranque a moto na cerca"""
"A artesã mostrou como trancar as fibras de palha para criar a base da cesta.","trancar","tecer, enrolar or torcer junto"|"colocar em forma de trança"
"Ela aprendeu a trancar fios de lã coloridos para fazer pulseiras da amizade.","trancar","tecer, enrolar or torcer junto"|"colocar em forma de trança"
"Ela pediu para a amiga trancar seu cabelo para a festa.","trancar","colocar em forma de trança"
"Com paciência, a mãe começou a trancar os longos cabelos da filha.","trancar","colocar em forma de trança"
"A chegada do homem à Lua foi um dos maiores feitos da humanidade.","homem","Todos os habitantes humanos vivos da Terra"
"A história do homem é marcada por grandes invenções e descobertas.","homem","Todos os habitantes humanos vivos da Terra"
"Um homem de chapéu e óculos escuros entrou no café e pediu um expresso.","homem","um menino ou homem"
"O homem que testemunhou o acidente prestou depoimento na delegacia.","homem","um menino ou homem"
"Qual é, homem, não acredito que você esqueceu nosso combinado!","homem","uma forma informal de se dirigir a um homem"
"Vamos lá, homem, não desanime agora, estamos quase chegando.","homem","uma forma informal de se dirigir a um homem"
"Ela me disse que ele é o homem da vida dela e que pretendem se casar em breve.","homem","um indivíduo do sexo masculino que tem um papel importante (marido ou amante ou namorado) na vida de uma mulher em particular"
"Depois da decepção amorosa, ela decidiu que não queria mais saber de homem por um tempo.","homem","um indivíduo do sexo masculino que tem um papel importante (marido ou amante ou namorado) na vida de uma mulher em particular"
"O capitão enviou seu melhor homem para liderar a missão de reconhecimento.","homem","um subordinado masculino"
O gerente de projetos reuniu cada homem de sua equipe para definir as metas da semana.,"homem","um subordinado masculino"
"O consultor foi contratado para oferecer uma nova visão estratégica para a empresa.","oferecer","Apresentar para consideração"
"O artigo busca oferecer uma explicação detalhada sobre as causas do aquecimento global.","oferecer","Apresentar para consideração"
"Ele parou o carro para oferecer ajuda à família que estava com o pneu furado.","oferecer","apresentar para aceitação ou rejeição"|"concordar, se oferecer"
"Gostaria de lhe oferecer uma xícara de café?","oferecer","apresentar para aceitação ou rejeição"
"Ele decidiu oferecer um valor maior pela casa, pois realmente queria comprá-la.","oferecer","propor um pagamento"
"A empresa está disposta a oferecer um salário competitivo para atrair os melhores talentos.","oferecer","propor um pagamento"
"Vendo que ninguém tomaria a iniciativa, ele decidiu se oferecer para organizar a festa de fim de ano.","oferecer","concordar, se oferecer"
"Ela quis se oferecer para cuidar do cachorro do vizinho durante a viagem.","oferecer","concordar, se oferecer"
"Os fiéis foram ao templo para oferecer suas preces e gratidão.","oferecer","apresentar como um ato de adoração"|"concordar, se oferecer"
"Na antiguidade, era comum oferecer sacrifícios de animais aos deuses.","oferecer","apresentar como um ato de adoração"|"concordar, se oferecer"
"Ao final da costura, sobrou apenas um pequeno pedaço de pano.","pedaço","um pequeno pedaço de algo que sobra depois que o resto foi usado"
"Ele comeu quase toda a pizza e deixou apenas um pedaço na caixa.","pedaço","um pequeno pedaço de algo que sobra depois que o resto foi usado"
"Gostaria de um pedaço de bolo para acompanhar o café?","pedaço","uma porção que foi cortada a partir de uma porção maior"
"Ele cortou um grande pedaço de carne e colocou na churrasqueira.","pedaço","uma porção que foi cortada a partir de uma porção maior"
"Um pedaço de gelo do tamanho de um carro se desprendeu da geleira.","pedaço","uma porção que foi cortada a partir de uma porção maior"|"um pequeno pedaço de algo que sobra depois que o resto foi usado"
"O garimpeiro encontrou um pedaço de ouro enquanto peneirava a areia do rio.","pedaço","uma massa compacta"
"Havia um pedaço de madeira bloqueando a engrenagem da máquina.","pedaço","um pequeno pedaço de algo que sobra depois que o resto foi usado"
"Ele tentou lembrar o nome do filme, mas sua mente parecia bloquear completamente.","bloquear","ser incapaz de se lembrar"
"Durante a prova, o nervosismo fez o aluno bloquear e esquecer a matéria.","bloquear","ser incapaz de se lembrar"
"O goleiro saltou alto para bloquear o chute que ia no ângulo.","bloquear","impedir o movimento de (um adversário ou uma bola)"
"No vôlei, o jogador mais alto é geralmente o responsável por bloquear os ataques do adversário.","bloquear","impedir o movimento de (um adversário ou uma bola)"
"Os manifestantes decidiram bloquear a rodovia como forma de protesto.","bloquear","tornar impróprio para a passagem"
"Uma pedra enorme rolou da montanha e conseguiu bloquear a estrada por horas.","bloquear","tornar impróprio para a passagem"
"O eletricista disse que vai cobrar um valor fixo pelo serviço de instalação.","cobrar","pedir um determinado preço"
"Quanto você costuma cobrar para fazer a tradução de um documento?","cobrar","pedir um determinado preço"
"A loja decidiu não cobrar pelo estacionamento durante o período de festas.","cobrar","pedir um determinado preço"
"A empresa de cartão de crédito começou a ligar para cobrar a fatura em atraso.","cobrar","Solicitar pagamento"
"Ele se sentia desconfortável por ter que cobrar um amigo que lhe devia dinheiro.","cobrar","Solicitar pagamento"
"O banco enviou uma notificação informando que irá cobrar judicialmente a dívida.","cobrar","Solicitar pagamento"
"O corredor que chegou em segundo lugar ficou a poucos metros do campeão.","segundo","o competidor que termina em segundo lugar"
"Na competição de natação, o segundo colocado também quebrou o recorde anterior.","segundo","o competidor que termina em segundo lugar"
"O atleta brasileiro foi o segundo a completar a maratona.","segundo","o competidor que termina em segundo lugar"
"O recorde mundial foi quebrado por uma diferença de apenas um segundo.","segundo","a sexagésima parte de um minuto de arco"
"A localização foi calculada com uma precisão de grau, minuto e segundo.","segundo","a sexagésima parte de um minuto de arco"
"Aguarde um segundo, por favor, estou terminando uma ligação.","segundo","a sexagésima parte de um minuto de arco"
"O elevador parou no segundo andar para que mais pessoas pudessem entrar.","segundo","seguinte ao primeiro de uma lista ou série"
"Este é o segundo momento em que tento ligar para ele hoje.","segundo","seguinte ao primeiro de uma lista ou série"
"Pegue o segundo acesso do trevo, sentido centro da cidade.","segundo","seguinte ao primeiro de uma lista ou série"
"O jogador conseguiu uma batida dupla, impulsionando dois companheiros de equipe.","batida","(baseball) um golpe bem sucedido em uma competição atlética (especialmente no baseball)"
"Com uma batida espetacular, a bola voou para fora do estádio.","batida","(baseball) um golpe bem sucedido em uma competição atlética (especialmente no baseball)"
"O time adversário comemorou a batida que garantiu a vitória na última entrada.","batida","(baseball) um golpe bem sucedido em uma competição atlética (especialmente no baseball)"
"A batida entre os dois carros na esquina deixou o trânsito lento.","batida","o ato de uma coisa entrar em contato com outra; ""batidas repetidas fizeram uma marca grande"", ""depois de tres falhas ela finalmente emplacou"""
"De repente, ouvimos uma batida forte na porta da sala.","batida","o ato de uma coisa entrar em contato com outra; ""batidas repetidas fizeram uma marca grande"", ""depois de tres falhas ela finalmente emplacou"""
"A batida da música eletrônica era tão alta que se podia ouvir do lado de fora da festa.","batida","o ato de uma coisa entrar em contato com outra; ""batidas repetidas fizeram uma marca grande"", ""depois de tres falhas ela finalmente emplacou"""
"Ele preparou uma batida de morango com leite para o café da manhã.","batida","o ato de uma coisa entrar em contato com outra; ""batidas repetidas fizeram uma marca grande"", ""depois de tres falhas ela finalmente emplacou"""
"O piloto brasileiro conseguiu liderar a corrida da primeira à última volta.","liderar","ir na frente dos outros"
"Na maratona, o atleta queniano começou a liderar o pelotão após a metade do percurso.","liderar","ir na frente dos outros"
"O time da casa conseguiu liderar o placar durante quase todo o jogo.","liderar","ir na frente dos outros"
"Ela foi escolhida para liderar o novo departamento de inovação da empresa.","liderar","ser responsável por"
"O general experiente foi chamado para liderar as tropas na missão de paz.","liderar","ser responsável por"
"Ele provou que tem a capacidade de liderar a equipe em direção aos objetivos traçados.","liderar","ser responsável por"
"Após anos de pesquisa, ele finalmente foi nomeado para a cadeira de Física Teórica na universidade.","cadeira","o cargo de professor"
"A disputa pela cadeira de literatura brasileira naquele concurso foi acirradíssima.","cadeira","o cargo de professor"
"A professora se aposentou, deixando vaga a cadeira de História Antiga.","cadeira","o cargo de professor"
"O partido busca eleger deputados suficientes para garantir uma cadeira na comissão de orçamento.","cadeira","o direito de sentar-se como um membro em um corpo legislativo ou similar"
"Com a cassação do mandato, ele perdeu sua cadeira no Senado Federal.","cadeira","o direito de sentar-se como um membro em um corpo legislativo ou similar"
"A eleição definirá quem ocupará a cadeira de representação do estado no congresso.","cadeira","o direito de sentar-se como um membro em um corpo legislativo ou similar"
"O registro para o novo curso de programação se encerra na sexta-feira.","registro","o ato de se inscrever"
"Ele completou seu registro no site para participar da conferência.","registro","o ato de se inscrever"
"O prazo para o registro de candidaturas para a eleição está quase no fim.","registro","o ato de se inscrever"
"O registro de óbito foi emitido pelo cartório no dia seguinte ao falecimento.","registro","Um documento que pode servir como evidência jurídica de uma transação"
"Para comprovar a propriedade, ele apresentou o registro do imóvel em seu nome.","registro","Um documento que pode servir como evidência jurídica de uma transação"
"O oficial de justiça solicitou o registro de todas as conversas para anexar ao processo.","registro","Um documento que pode servir como evidência jurídica de uma transação"
"Ao anoitecer, uma densa neblina começou a envolver toda a cidade.","envolver","cobrir como se com um véu"
"A mãe costumava envolver o bebê em um cobertor macio para ele dormir.","envolver","cobrir como se com um véu"
"Um grande mistério parecia envolver o desaparecimento do antigo artefato.","envolver","realizar ou participar de uma atividade; estar envolvido em"
"Ele preferiu não se envolver na briga do casal de amigos.","envolver","realizar ou participar de uma atividade; estar envolvido em"
"A polícia investiga todos que podem se envolver no esquema de corrupção.","envolver","realizar ou participar de uma atividade; estar envolvido em"
"Ela sempre gostou de se envolver em projetos de voluntariado na comunidade.","envolver","realizar ou participar de uma atividade; estar envolvido em"
"O jornalista precisa verificar a informação em fontes confiáveis antes de publicar a matéria.","verificar","verificar através da consulta de uma fonte ou autoridade"
"Vou verificar no dicionário o significado exato desta palavra.","verificar","verificar através da consulta de uma fonte ou autoridade"
"O agente de trânsito teve que verificar a placa do veículo no sistema.","verificar","verificar através da consulta de uma fonte ou autoridade"
"Ele foi até o quarto para verificar se as crianças já estavam dormindo.","verificar","Descobrir, aprender, ou determinar com certeza, geralmente, depois de fazer um inquérito ou outro esforço"
"Preciso verificar se a porta dos fundos está trancada.","verificar","Descobrir, aprender, ou determinar com certeza, geralmente, depois de fazer um inquérito ou outro esforço"
"O técnico veio à nossa casa para verificar o motivo do vazamento de gás.","verificar","Descobrir, aprender, ou determinar com certeza, geralmente, depois de fazer um inquérito ou outro esforço"
"Ela colocou as roupas de molho em uma bacia com água e sabão.","bacia","uma vasilha em forma arredondada, usada para comida ou liquidos"
"Para fazer a salada, ele usou uma bacia grande para misturar todos os ingredientes.","bacia","uma vasilha em forma arredondada, usada para comida ou liquidos"
"A bacia amazônica abriga a maior floresta tropical do mundo.","bacia","toda a área geográfica drenada por um rio e seus afluentes; uma área caracterizada por todos os escoamentos serem transmitidos ao mesmo lugar"
"O desmatamento nas margens dos rios compromete toda a bacia hidrográfica da região.","bacia","toda a área geográfica drenada por um rio e seus afluentes; uma área caracterizada por todos os escoamentos serem transmitidos ao mesmo lugar"
"A cidade está localizada em uma bacia cercada por montanhas, o que influencia o clima local.","bacia","uma depressão natural na superfície da terra, muitas vezes com um lago na parte inferior"
"Estudos geológicos indicam a presença de petróleo naquela bacia sedimentar.","bacia","uma depressão natural na superfície da terra, muitas vezes com um lago na parte inferior"
"Ele usou um prego para pendurar o novo quadro na parede da sala.","pendurar","suspender por uma articulação"|"	decorar ou mobiliar com algo suspenso"
"Por favor, pode pendurar meu casaco no cabide?","pendurar","suspender por uma articulação"
"Depois de lavar, ela foi pendurar as roupas no varal para secar.","pendurar","suspender por uma articulação"
"Eles decidiram pendurar cortinas de tecido leve para dar mais suavidade ao ambiente.","pendurar","decorar ou mobiliar com algo suspenso"|"suspender por uma articulação"
"Para a festa, vamos pendurar balões coloridos e luzes por todo o salão.","pendurar","decorar ou mobiliar com algo suspenso"|"suspender por uma articulação"
"O museu vai pendurar as obras do novo artista na galeria principal.","pendurar","decorar ou mobiliar com algo suspenso"|"suspender por uma articulação"
"O soldado permaneceu de guarda na entrada do palácio durante toda a noite.","guarda","o dever de servir como uma sentinela"
"O cão de guarda latiu ao perceber a aproximação de um estranho.","guarda","o dever de servir como uma sentinela"
"Cabe ao segurança fazer a guarda do patrimônio do museu.","guarda","o dever de servir como uma sentinela"
"O marinheiro assumiu a guarda da meia-noite, observando o mar calmo.","guarda","Um período de tempo (4 ou 2 horas) durante o qual alguns dos tripulantes do navio estão em serviço"|"o dever de servir como uma sentinela"	
"Durante sua guarda no convés, ele avistou golfinhos nadando ao lado do navio.","guarda","Um período de tempo (4 ou 2 horas) durante o qual alguns dos tripulantes do navio estão em serviço"|"o dever de servir como uma sentinela"	
"O capitão determinou os horários da próxima guarda antes de se recolher.","guarda","Um período de tempo (4 ou 2 horas) durante o qual alguns dos tripulantes do navio estão em serviço"|"o dever de servir como uma sentinela"	
"O decorador conseguiu casar perfeitamente os móveis antigos com os elementos modernos da sala.","casar","fazer dois objetos, idéias ou pessoas ficarem juntos"
"Ele tentava casar a cor da gravata com a da camisa, mas não encontrava uma boa combinação.","casar","fazer dois objetos, idéias ou pessoas ficarem juntos"
"A explicação dele não parecia casar com os fatos que já conhecíamos.","casar","fazer dois objetos, idéias ou pessoas ficarem juntos"
"Eles pretendem se casar em uma cerimônia íntima, apenas para a família.","casar","tomar em casamento"
"Depois de dez anos de namoro, eles finalmente decidiram se casar.","casar","tomar em casamento"
"Ela vai se casar no civil e depois viajar em lua de mel.","casar","tomar em casamento"
"Ele tentava de tudo para apagar da memória os momentos difíceis que viveu.","apagar","tentar esquecer; colocar para fora de sua memória ou conhecimento"
"Algumas experiências são impossíveis de apagar, mesmo com o passar dos anos.","apagar","tentar esquecer; colocar para fora de sua memória ou conhecimento"
"O fidalgo vendeu suas terras para apagar a dívida de jogo que acumulou.","apagar","resolver, diz-se de uma divida"
"Por favor, tenha cuidado para não apagar os arquivos importantes do computador.","apagar","Apagar informações gravadas digitalmente ou magneticamente"
"Ela se arrependeu da mensagem e resolveu apagar a conversa.","apagar","Apagar informações gravadas digitalmente ou magneticamente"
"Vou apagar o computador e a televisão antes de sair de casa.","apagar","causar parar de funcionar por desligar um interruptor"
"Os bombeiros lutaram a noite inteira para apagar as labaredas do incêndio.","apagar","apagar fogo, chamas ou luzes"
"Não se esqueça de apagar a luz do quarto antes de dormir.","apagar","apagar fogo, chamas ou luzes"
"Ele decidiu pintar as paredes do quarto de branco para dar uma sensação de amplitude.","pintar","aplicar tinta; revestir com tinta"
"Precisamos pintar o portão de metal para protegê-lo da ferrugem.","pintar","aplicar tinta; revestir com tinta"
"Ela vai pintar as unhas com um esmalte vermelho vibrante.","pintar","aplicar tinta; revestir com tinta"
"O artista foi contratado para pintar o retrato do diretor da empresa.","pintar","fazer uma pintura de"|"fazer uma pintura"
"Ele gostava de se sentar no parque para pintar a paisagem ao entardecer.","pintar","fazer uma pintura de"|"fazer uma pintura"
"Ela começou a pintar desde criança, e hoje suas obras são reconhecidas internacionalmente.","pintar","fazer uma pintura"
"Ele passa horas em seu ateliê, onde tem a tranquilidade necessária para pintar.","pintar","fazer uma pintura"|"fazer uma pintura de"
"O prego era tão comprido que conseguiu atravessar a tábua de madeira.","atravessar","fazer um furo dentro ou entre alguma coisa, para facilitar a separação; ""perfure as folhas de papel"""
"A bala disparada foi atravessar a parede e se alojou na sala ao lado.","atravessar","fazer um furo dentro ou entre alguma coisa, para facilitar a separação; ""perfure as folhas de papel"""
"Com um movimento ágil, a bailarina começou a atravessar o palco.","atravessar","mover-se sem esforço, com movimentos deslizantes"
"O barco a vela começou a atravessar a baía, impulsionado pela brisa suave.","atravessar","mover-se sem esforço, com movimentos deslizantes"
"A empresa conseguiu atravessar um período de crise financeira e se reergueu.","atravessar","cobrir ou estender ao longo de um período de tempo ou área"
"Uma nova ponte que vai atravessar o rio está sendo construída.","atravessar","cobrir ou estender ao longo de um período de tempo ou área"
"A família está a atravessar uma fase difícil, mas permanece unida.","atravessar","cobrir ou estender ao longo de um período de tempo ou área"
"Os topógrafos vieram marcar os limites exatos do terreno.","marcar","estabelecer barreiras e delimitações; ""marque o territorio"""|"fazer ou deixar uma marca em"
"Os animais selvagens costumam marcar seu território para afastar rivais.","marcar","estabelecer barreiras e delimitações; ""marque o territorio"""
"O copo molhado que você deixou sobre a mesa conseguiu marcar a madeira.","marcar","fazer ou deixar uma marca em"
"Aquele acontecimento triste veio a marcar sua vida para sempre.","marcar","fazer ou deixar uma marca em"
"O atacante conseguiu marcar o gol da vitória nos acréscimos.","marcar","fazer ou deixar uma marca em"
"Aquele estilo arquitetônico veio a marcar toda uma geração de artistas.","marcar","revelar claramente como tendo um certo caráter"|"fazer ou deixar uma marca em"
"A descoberta da penicilina veio a marcar o início de uma nova era na medicina.","marcar","revelar claramente como tendo um certo caráter"|"fazer ou deixar uma marca em"
"A generosidade excessiva foi a principal característica a marcar sua personalidade.","marcar","revelar claramente como tendo um certo caráter"|"fazer ou deixar uma marca em"
"O ator esqueceu o texto e o diretor precisou soprar a fala do ponto de trás das cortinas.","soprar","auxiliar (alguém a atuar ou recitar) sugerindo as próximas palavras de alguma coisa esquecida ou imperfeitamente aprendida"
"Durante a prova, o professor percebeu um aluno tentando soprar a resposta para o colega.","soprar","auxiliar (alguém a atuar ou recitar) sugerindo as próximas palavras de alguma coisa esquecida ou imperfeitamente aprendida"
"É sua vez de soprar as velinhas do bolo de aniversário.","soprar","apagar fogo, chamas ou luzes"
"Após acender o fósforo, optou por soprar para apagá-lo.","soprar","apagar fogo, chamas ou luzes"
"O vento mudou de direção e começou a soprar forte na direção da costa.","soprar","soprar na direção da costa"
"A brisa marítima costuma soprar no final da tarde, aliviando o calor.","soprar","soprar na direção da costa"
"Ele começou a rir sozinho e a falar coisas sem sentido; com certeza estava a viajar.","viajar","ficar alto ou drogado"
"Depois de tomar o chá de cogumelos, ele passou a noite a viajar em seu próprio mundo.","viajar","ficar alto ou drogado"
"O que você está dizendo? Para de viajar na maionese!","viajar","ficar alto ou drogado"
"Nas próximas férias, eles planejam viajar para conhecer o sudeste asiático.","viajar","ir a certos lugares para passear"
"Ela adora viajar e já visitou mais de vinte países.","viajar","ir a certos lugares para passear"
"Meu sonho é viajar o mundo sem pressa para voltar.","viajar","ir a certos lugares para passear"
"Eles economizaram o ano todo para poder viajar para a praia em janeiro.","viajar","ir a certos lugares para passear"
"A luz consegue viajar pelo vácuo a uma velocidade impressionante.","viajar","viajar atraves ou sobre uma area"
"O representante comercial precisava viajar por todo o interior do estado a trabalho.","viajar","viajar atraves ou sobre uma area"
"As ondas de rádio podem viajar por longas distâncias antes de serem captadas.","viajar","viajar atraves ou sobre uma area"
